p_year,xlong,ylat
1990,-121.810387,38.083076
1990,-121.839012,38.146313
1990,-121.812531,38.074604
1990,-121.808723,38.075302
1990,-121.818779,38.078606
1990,-121.809006,38.07357
1990,-121.815445,38.079029
1990,-121.842056,38.141495
1990,-121.80941,38.082325
1990,-121.814636,38.080124
1990,-121.842064,38.145428
1990,-121.839012,38.145477
1990,-121.842087,38.142578
1990,-121.813629,38.078228
1990,-121.814804,38.080311
1990,-121.814964,38.080498
1990,-121.809288,38.082142
1990,-121.815147,38.080654
1990,-121.839096,38.146564
1990,-121.813698,38.078873
1990,-121.809952,38.082783
1990,-121.809135,38.081917
1990,-121.809006,38.081753
1990,-121.808876,38.074001
1990,-121.819695,38.077099
1990,-121.812599,38.074326
1990,-121.813179,38.077438
1990,-121.838997,38.146042
1990,-121.809723,38.082649
1990,-121.814468,38.079975
1990,-121.819397,38.077602
1990,-121.8153,38.080826
1990,-121.811409,38.0755
1990,-121.813736,38.078667
1990,-121.842094,38.142857
1990,-121.816711,38.074978
1990,-121.842064,38.146362
1990,-121.819511,38.077343
1990,-121.819244,38.077862
1990,-121.814217,38.074886
1990,-121.810646,38.083454
1990,-121.813408,38.07785
1990,-121.842064,38.143105
1990,-121.813751,38.078438
1990,-121.815453,38.079494
1990,-121.819077,38.078102
1990,-121.816711,38.075214
1990,-121.811508,38.07526
1990,-121.808907,38.074223
1990,-121.838974,38.145767
1990,-121.808815,38.075085
1990,-121.818504,38.079098
1990,-121.841759,38.140991
1990,-121.841881,38.143929
1990,-121.842102,38.142303
1990,-121.83905,38.145203
1990,-121.808884,38.074448
1990,-121.818642,38.078857
1990,-121.810524,38.08326
1990,-121.818321,38.07938
1990,-121.818939,38.078358
1990,-121.813179,38.077
1990,-121.841988,38.143696
1990,-121.815468,38.079262
1990,-121.842079,38.146046
1990,-121.808907,38.074665
1990,-121.842148,38.142029
1990,-121.842163,38.141766
1990,-121.820267,38.076103
1990,-121.813255,38.077648
1990,-121.811333,38.075695
1990,-121.841904,38.141243
1990,-116.624985,33.929096
1990,-118.240189,35.231796
1990,-118.246887,35.246696
1990,-118.242691,35.267994
1990,-118.239288,35.199097
1990,-118.236092,35.233894
1990,-118.246185,35.262394
1990,-118.245285,35.256794
1990,-118.239189,35.229095
1990,-118.234985,35.262596
1990,-118.233589,35.259895
1990,-118.233086,35.258293
1990,-118.241287,35.270496
1990,-118.236191,35.204193
1990,-118.238892,35.226696
1990,-118.244987,35.256294
1990,-118.244591,35.255596
1990,-118.236984,35.235695
1990,-118.245987,35.248997
1990,-118.244591,35.273895
1990,-118.24279,35.266994
1990,-118.237885,35.277897
1990,-118.239685,35.200794
1990,-118.24559,35.264595
1990,-118.244087,35.273296
1990,-118.245285,35.250294
1990,-118.244385,35.255196
1990,-118.245384,35.275597
1990,-118.246185,35.262695
1990,-118.238091,35.238995
1990,-118.242584,35.268597
1990,-118.236488,35.205093
1990,-118.228584,35.197594
1990,-118.234787,35.262493
1990,-118.244888,35.274593
1990,-118.243088,35.263195
1990,-118.240089,35.231495
1990,-118.24649,35.259495
1990,-118.24469,35.255894
1990,-118.239586,35.200596
1990,-118.245689,35.257595
1990,-118.240685,35.232895
1990,-118.239388,35.236095
1990,-118.246788,35.247093
1990,-118.243385,35.272495
1990,-118.23819,35.263794
1990,-118.245987,35.263695
1990,-118.245384,35.256996
1990,-118.23909,35.228394
1990,-118.235489,35.200996
1990,-118.236984,35.274696
1990,-118.239891,35.211494
1990,-118.237686,35.232796
1990,-118.245491,35.249596
1990,-118.239388,35.199295
1990,-118.235291,35.199993
1990,-118.240585,35.260696
1990,-118.236588,35.205593
1990,-118.24469,35.274197
1990,-118.239189,35.209194
1990,-118.242485,35.271294
1990,-118.236588,35.234795
1990,-118.246086,35.263195
1990,-118.239487,35.229897
1990,-118.23909,35.227894
1990,-118.233688,35.260895
1990,-118.242485,35.262596
1990,-118.240791,35.233196
1990,-118.24379,35.272896
1990,-118.23999,35.211296
1990,-118.241989,35.261993
1990,-118.24559,35.257397
1990,-118.236984,35.274895
1990,-118.236885,35.233494
1990,-118.242889,35.271595
1990,-118.236191,35.234097
1990,-118.238892,35.226494
1990,-118.237885,35.238495
1990,-118.241692,35.261696
1990,-118.236885,35.205994
1990,-118.244987,35.253796
1990,-118.235786,35.202694
1990,-118.239685,35.210094
1990,-118.237091,35.233295
1990,-118.239487,35.209595
1990,-118.239586,35.209896
1990,-118.24659,35.248096
1990,-118.240685,35.260895
1990,-118.240387,35.260494
1990,-118.228188,35.198593
1990,-118.234085,35.261395
1990,-118.228188,35.199097
1990,-118.234985,35.197895
1990,-118.245987,35.263393
1990,-118.243088,35.265694
1990,-118.23909,35.228695
1990,-118.23909,35.208996
1990,-118.237587,35.207096
1990,-118.242989,35.271896
1990,-118.233688,35.260395
1990,-118.244789,35.240894
1990,-118.245689,35.249393
1990,-118.244591,35.240597
1990,-118.239189,35.197395
1990,-118.246391,35.248295
1990,-118.234184,35.261597
1990,-118.245285,35.275295
1990,-118.238892,35.240093
1990,-118.245789,35.249195
1990,-118.245186,35.275097
1990,-118.235588,35.201694
1990,-118.228088,35.200497
1990,-118.236389,35.234295
1990,-118.236588,35.233597
1990,-118.24649,35.260197
1990,-118.244591,35.254395
1990,-118.241989,35.269295
1990,-118.246284,35.258995
1990,-118.239891,35.230995
1990,-118.238091,35.278496
1990,-118.237885,35.237896
1990,-118.239891,35.201294
1990,-118.233688,35.259693
1990,-118.242691,35.267494
1990,-118.239784,35.200996
1990,-118.238686,35.239895
1990,-118.239189,35.240993
1990,-118.24659,35.260994
1990,-118.240089,35.201794
1990,-118.244286,35.273495
1990,-118.237991,35.207794
1990,-118.236885,35.235195
1990,-118.234985,35.197395
1990,-118.239288,35.197895
1990,-118.23719,35.275894
1990,-118.246086,35.258293
1990,-118.246086,35.262894
1990,-118.242989,35.265396
1990,-118.235489,35.200794
1990,-118.244888,35.256096
1990,-118.244385,35.254696
1990,-118.245491,35.275894
1990,-118.237488,35.276894
1990,-118.228287,35.198296
1990,-118.246391,35.261696
1990,-118.228088,35.200195
1990,-118.240089,35.210995
1990,-118.243088,35.264397
1990,-118.228188,35.199993
1990,-118.245491,35.257195
1990,-118.24649,35.259796
1990,-118.239288,35.198296
1990,-118.235886,35.203194
1990,-118.239288,35.229397
1990,-118.237785,35.237495
1990,-118.246788,35.246895
1990,-118.241089,35.261093
1990,-118.237785,35.277596
1990,-118.23999,35.231297
1990,-118.24279,35.262894
1990,-118.235985,35.203495
1990,-118.233688,35.259396
1990,-118.238991,35.240295
1990,-118.239288,35.198093
1990,-118.240585,35.232697
1990,-118.244789,35.274395
1990,-118.245087,35.256496
1990,-118.238991,35.227394
1990,-118.235588,35.201996
1990,-118.237587,35.262894
1990,-118.239288,35.198795
1990,-118.236092,35.203693
1990,-118.239784,35.202293
1990,-118.243889,35.273094
1990,-118.245987,35.258095
1990,-118.234985,35.198795
1990,-118.236389,35.233696
1990,-118.23539,35.200497
1990,-118.246284,35.248493
1990,-118.239487,35.199795
1990,-118.236191,35.204395
1990,-118.235291,35.200294
1990,-118.235191,35.199795
1990,-118.243088,35.265896
1990,-118.236488,35.234596
1990,-118.235985,35.272194
1990,-118.237289,35.206394
1990,-118.23909,35.240795
1990,-118.241486,35.261395
1990,-118.246689,35.247597
1990,-118.246284,35.258797
1990,-118.23629,35.204697
1990,-118.235191,35.199596
1990,-118.243088,35.266193
1990,-118.245888,35.263893
1990,-118.237289,35.276196
1990,-118.237389,35.276596
1990,-118.242691,35.267696
1990,-118.23629,35.273796
1990,-118.239388,35.199596
1990,-118.246284,35.262196
1990,-118.228188,35.199696
1990,-118.24649,35.261395
1990,-118.239586,35.241394
1990,-118.233185,35.258495
1990,-118.245689,35.264397
1990,-118.238388,35.208195
1990,-118.244385,35.254894
1990,-118.237991,35.278194
1990,-118.228188,35.198895
1990,-118.236588,35.274094
1990,-118.235588,35.202194
1990,-118.237991,35.232395
1990,-118.232887,35.257793
1990,-118.234985,35.198093
1990,-118.245384,35.250595
1990,-118.245285,35.249794
1990,-118.239586,35.236496
1990,-118.235786,35.202995
1990,-118.241791,35.269493
1990,-118.238892,35.226994
1990,-118.239388,35.209396
1990,-118.238785,35.208496
1990,-118.232986,35.258095
1990,-118.236389,35.273495
1990,-118.237091,35.206196
1990,-118.239586,35.230293
1990,-118.24659,35.260494
1990,-118.23999,35.210594
1990,-118.235886,35.271896
1990,-118.23439,35.262096
1990,-118.240089,35.259995
1990,-118.236389,35.204895
1990,-118.245888,35.264095
1990,-118.241585,35.269794
1990,-118.239487,35.200096
1990,-118.234985,35.197594
1990,-118.237785,35.237095
1990,-118.239388,35.229595
1990,-118.242691,35.268196
1990,-118.239487,35.236294
1990,-118.236687,35.234997
1990,-118.239586,35.200294
1990,-118.239388,35.241295
1990,-118.237885,35.263294
1990,-118.243889,35.239197
1990,-118.244888,35.253994
1990,-118.243187,35.272297
1990,-118.234985,35.198593
1990,-118.239784,35.230797
1990,-118.246086,35.248795
1990,-118.24649,35.259995
1990,-118.242287,35.262295
1990,-118.228386,35.197994
1990,-118.239685,35.236794
1990,-118.24469,35.254196
1990,-118.235588,35.201195
1990,-118.236786,35.205795
1990,-118.241486,35.269997
1990,-118.244385,35.255394
1990,-118.242691,35.267197
1990,-118.237488,35.232994
1990,-118.236984,35.235497
1990,-118.24379,35.238895
1990,-118.244987,35.274895
1990,-118.242889,35.266796
1990,-118.244492,35.273697
1990,-118.24659,35.261196
1990,-118.23349,35.259193
1990,-118.246185,35.258495
1990,-118.234489,35.262295
1990,-118.233589,35.260197
1990,-118.246689,35.247395
1990,-118.228188,35.199394
1990,-118.236984,35.274395
1990,-118.233688,35.260696
1990,-118.242287,35.268993
1990,-118.238991,35.227596
1990,-118.24659,35.260696
1990,-118.24559,35.276096
1990,-118.242989,35.266495
1990,-118.241386,35.270195
1990,-118.237587,35.277195
1990,-118.237885,35.238297
1990,-118.239784,35.211697
1990,-118.239487,35.230095
1990,-118.234291,35.261894
1990,-118.23999,35.201496
1990,-118.237686,35.207394
1990,-118.235588,35.201496
1990,-118.246689,35.247894
1990,-118.239685,35.230595
1990,-118.23909,35.228893
1990,-118.237389,35.206696
1990,-118.246391,35.261894
1990,-118.235085,35.199295
1990,-118.237885,35.232594
1990,-118.235687,35.202496
1990,-118.243484,35.272694
1990,-118.237991,35.238796
1990,-118.236984,35.275597
1990,-118.238991,35.240494
1990,-118.238991,35.208694
1990,-118.243088,35.265095
1990,-118.239784,35.210297
1990,-118.234985,35.199097
1990,-118.243088,35.264595
1990,-118.236092,35.203896
1990,-118.242691,35.271397
1990,-118.236389,35.273296
1990,-118.236488,35.205395
1990,-118.239288,35.198593
1990,-118.239288,35.197594
1990,-118.237885,35.207596
1990,-118.233887,35.261093
1990,-118.237289,35.262493
1990,-118.243088,35.264896
1990,-118.23819,35.207996
1990,-118.23909,35.228096
1990,-118.237289,35.233196
1990,-118.232689,35.257397
1990,-118.232788,35.257595
1990,-118.238991,35.227196
1990,-118.237488,35.206894
1990,-118.245186,35.250095
1990,-118.243088,35.272095
1990,-118.245888,35.257896
1990,-121.809532,38.082516
1990,-121.820488,38.075893
1990,-121.808945,38.073792
1990,-121.813995,38.075245
1990,-121.81369,38.075596
1990,-121.808884,38.074894
1990,-121.813141,38.077225
1992,-116.615646,33.923843
1992,-95.100662,43.411358
1994,-96.213593,44.200191
1994,-96.212791,44.198792
1994,-96.226395,44.201492
1994,-96.224495,44.201492
1994,-96.213692,44.201191
1994,-96.213394,44.199493
1994,-96.21209,44.198093
1994,-116.560287,33.890694
1994,-116.560287,33.897896
1994,-116.560287,33.895496
1994,-116.560287,33.892593
1994,-116.560287,33.898396
1994,-116.560287,33.895996
1994,-116.56031,33.896442
1994,-116.560287,33.894997
1994,-116.560287,33.896896
1994,-116.560249,33.89016
1994,-116.560234,33.889198
1994,-116.560265,33.89114
1994,-116.560287,33.893597
1994,-116.560287,33.893093
1994,-116.560287,33.897396
1994,-116.560287,33.893993
1994,-116.560257,33.891621
1994,-116.560287,33.894493
1994,-116.560265,33.892097
1994,-116.560287,33.889694
1994,-116.560623,33.921135
1994,-116.560623,33.92152
1994,-116.560661,33.922314
1994,-116.560616,33.920742
1994,-116.560638,33.921921
1994,-116.557785,33.922295
1994,-116.630341,33.928497
1994,-116.624985,33.927593
1994,-116.624985,33.927994
1994,-116.625,33.927242
1995,-116.656387,33.939495
1995,-116.666229,33.946156
1995,-116.664055,33.943611
1995,-116.656532,33.936443
1995,-116.665192,33.944996
1995,-116.657791,33.939796
1995,-116.656845,33.937267
1995,-116.657928,33.940273
1995,-116.665848,33.945194
1995,-116.658051,33.940498
1995,-116.656387,33.939796
1995,-116.65699,33.937496
1995,-116.658134,33.940773
1995,-116.65757,33.939262
1995,-116.666039,33.945423
1995,-116.665085,33.944695
1995,-116.657013,33.937759
1995,-116.664841,33.944508
1995,-116.657784,33.939632
1995,-116.657135,33.938267
1995,-116.656288,33.938995
1995,-116.6567,33.936729
1995,-116.65744,33.938721
1995,-116.65789,33.940025
1995,-116.656792,33.936996
1995,-116.656342,33.938709
1995,-116.663887,33.943394
1995,-116.666191,33.945896
1995,-116.665985,33.945694
1995,-116.656219,33.935867
1995,-116.656334,33.939217
1995,-116.666389,33.946495
1995,-116.657013,33.938034
1995,-116.666496,33.946732
1995,-116.665489,33.945095
1995,-116.65699,33.941093
1995,-116.657486,33.938995
1995,-116.664589,33.944313
1995,-116.657288,33.938511
1995,-116.656387,33.936195
1995,-116.664391,33.944096
1995,-116.664185,33.943893
1995,-94.388573,43.210556
1995,-93.45079,42.007492
1996,-85.690193,44.776993
1996,-116.585587,33.890797
1996,-116.585686,33.890194
1996,-116.585892,33.889595
1996,-116.584785,33.893696
1996,-116.58049,33.892895
1996,-116.571358,33.926964
1996,-116.57135,33.926247
1996,-116.571342,33.92569
1996,-116.57135,33.927486
1996,-116.57135,33.926403
1996,-116.57135,33.92588
1996,-116.571358,33.92606
1996,-116.57135,33.925346
1996,-116.571342,33.927124
1996,-116.571335,33.927299
1996,-116.571335,33.925545
1996,-116.57135,33.926601
1996,-116.571373,33.926788
1997,-73.151596,44.44249
1997,-72.9618,42.86359
1997,-72.966202,42.85849
1997,-89.406273,40.355049
1997,-162.551468,66.839203
1997,-162.551468,66.839905
1997,-162.563278,66.839203
1997,-162.563278,66.838501
1997,-162.551468,66.8386
1997,-162.563171,66.839905
1997,-96.056168,45.073418
1997,-118.353775,35.03339
1997,-118.352989,35.036034
1997,-118.353386,35.034424
1997,-118.347679,35.03426
1997,-118.349876,35.028629
1997,-102.346581,46.896454
1997,-102.348206,46.894039
1997,-72.959496,42.86459
1997,-72.962898,42.862591
1997,-72.965698,42.858891
1997,-72.966301,42.85799
1997,-72.962402,42.862991
1997,-72.963699,42.861992
1997,-72.961098,42.863892
1997,-72.9589,42.86499
1997,-72.965202,42.85939
1997,-95.646439,43.406742
1997,-95.649292,43.408596
1997,-118.294891,35.116394
1997,-118.299286,35.110195
1997,-118.295311,35.115643
1997,-118.294388,35.117393
1997,-118.293884,35.118694
1997,-118.297989,35.112095
1997,-118.298889,35.110794
1997,-118.296585,35.113396
1997,-118.294189,35.117893
1997,-118.295586,35.114895
1997,-118.297386,35.112595
1997,-118.296089,35.113995
1998,-95.954544,43.917156
1998,-95.957008,43.916622
1998,-95.950089,43.917191
1998,-94.140846,43.034908
1998,-94.14077,43.037441
1998,-94.140884,43.032356
1998,-96.358055,44.307667
1998,-96.387268,44.344368
1998,-96.43795,44.336517
1998,-96.334694,44.292793
1998,-96.43943,44.337708
1998,-96.433304,44.346867
1998,-96.307373,44.273521
1998,-96.397095,44.319691
1998,-96.379349,44.350735
1998,-96.434975,44.334076
1998,-96.394165,44.317123
1998,-96.374771,44.347343
1998,-96.396721,44.336994
1998,-96.412247,44.346569
1998,-96.415489,44.320992
1998,-96.333015,44.296719
1998,-96.386787,44.329735
1998,-96.400116,44.322182
1998,-96.393211,44.33485
1998,-96.417313,44.366199
1998,-96.322128,44.288631
1998,-96.418671,44.323372
1998,-96.331047,44.303322
1998,-96.336342,44.306534
1998,-96.419708,44.365986
1998,-96.305946,44.278637
1998,-96.379051,44.340263
1998,-96.396011,44.353886
1998,-96.325104,44.285416
1998,-96.327003,44.289463
1998,-96.401123,44.359657
1998,-96.413895,44.347691
1998,-96.42028,44.359062
1998,-96.367393,44.336491
1998,-96.418137,44.34407
1998,-96.433365,44.33271
1998,-96.414391,44.353947
1998,-96.37709,44.331818
1998,-96.350975,44.314148
1998,-96.380066,44.352104
1998,-96.388336,44.331043
1998,-96.431091,44.346092
1998,-96.415894,44.333092
1998,-96.399338,44.358826
1998,-96.347824,44.317719
1998,-96.398506,44.32093
1998,-96.354309,44.304276
1998,-96.334793,44.289223
1998,-96.415581,44.348831
1998,-96.401718,44.323311
1998,-96.408737,44.344368
1998,-96.373169,44.330093
1998,-96.303802,44.278221
1998,-96.320221,44.289108
1998,-96.43634,44.335266
1998,-96.334618,44.305466
1998,-96.405289,44.361382
1998,-96.354904,44.310463
1998,-96.422897,44.354897
1998,-96.437172,44.348949
1998,-96.394699,44.33622
1998,-96.39547,44.318493
1998,-96.311897,44.275661
1998,-96.385124,44.343536
1998,-96.320694,44.282391
1998,-96.301544,44.277802
1998,-96.309753,44.274948
1998,-96.379112,44.332649
1998,-96.309631,44.280838
1998,-96.419983,44.345142
1998,-96.372093,44.328724
1998,-96.385124,44.328426
1998,-96.422302,44.365723
1998,-96.377327,44.339314
1998,-96.398567,44.337944
1998,-96.344788,44.305107
1998,-96.417603,44.334137
1998,-96.413994,44.331993
1998,-96.329918,44.294815
1998,-96.360497,44.306835
1998,-96.421768,44.360371
1998,-96.32885,44.30386
1998,-96.364494,44.337391
1998,-96.327301,44.292439
1998,-96.412964,44.365368
1998,-96.417244,44.349842
1998,-96.338661,44.294342
1998,-96.349968,44.303265
1998,-96.338127,44.307545
1998,-96.370468,44.326191
1998,-96.348297,44.30838
1998,-96.40303,44.360668
1998,-96.416351,44.342941
1998,-96.376915,44.347996
1998,-96.377983,44.349602
1998,-96.342293,44.303501
1998,-96.397499,44.357811
1998,-96.428963,44.345322
1998,-96.362343,44.33717
1998,-96.417091,44.322193
1998,-96.352165,44.30368
1998,-96.375191,44.330891
1998,-96.416237,44.35466
1998,-96.369598,44.335861
1998,-96.382149,44.354065
1998,-96.397972,44.354778
1998,-96.412308,44.321644
1998,-96.332832,44.304455
1998,-96.340981,44.294518
1998,-96.419563,44.33503
1998,-96.346512,44.316528
1998,-96.410049,44.321705
1998,-96.402733,44.343594
1998,-96.35276,44.315517
1998,-96.346817,44.307369
1998,-96.390533,44.346806
1998,-96.381081,44.333363
1998,-96.335632,44.300884
1998,-96.435211,44.347878
1998,-96.418907,44.357693
1998,-96.418198,44.355671
1998,-96.39006,44.332352
1998,-96.356506,44.337349
1998,-96.407013,44.3433
1998,-96.359367,44.337292
1998,-96.336761,44.293568
1998,-96.328613,44.293568
1998,-96.357048,44.310936
1998,-96.415161,44.365845
1998,-96.342171,44.316708
1998,-96.356209,44.31778
1998,-96.40963,44.330509
1998,-96.421822,44.346214
1998,-96.410461,44.345379
1998,-96.349785,44.309509
1998,-96.374054,44.336506
1998,-96.391487,44.333542
1998,-96.427094,44.344292
1998,-96.307846,44.279766
1998,-96.345207,44.315102
1998,-96.62635,40.903519
1998,-96.623299,40.904003
1998,-106.246689,41.839893
1998,-106.247787,41.840591
1998,-118.552109,32.986084
1998,-118.55278,32.987331
1998,-118.696182,45.982445
1998,-118.694931,45.980595
1998,-118.685783,45.984795
1998,-118.671486,45.944294
1998,-118.65686,45.933182
1998,-118.607964,45.924561
1998,-118.653046,45.931255
1998,-118.669479,45.943542
1998,-118.676796,45.947948
1998,-118.675789,45.947495
1998,-118.677788,45.948395
1998,-118.667206,45.941864
1998,-118.685188,45.983395
1998,-118.678787,45.948895
1998,-118.600182,45.918133
1998,-118.666023,45.940807
1998,-118.608246,45.925579
1998,-118.663956,45.938499
1998,-118.601318,45.918514
1998,-118.679787,45.949394
1998,-118.686089,45.985481
1998,-118.693588,45.97879
1998,-118.684883,45.982693
1998,-118.673813,45.945156
1998,-118.6726,45.944584
1998,-118.686386,45.986195
1998,-118.684578,45.982014
1998,-118.602753,45.919327
1998,-118.66095,45.936947
1998,-118.605019,45.92099
1998,-118.695786,45.981815
1998,-118.668388,45.942932
1998,-118.653984,45.932392
1998,-118.695381,45.981178
1998,-118.665085,45.938793
1998,-118.662819,45.938229
1998,-118.604095,45.920166
1998,-118.658257,45.933567
1998,-118.693192,45.978165
1998,-118.606865,45.922653
1998,-118.661835,45.937714
1998,-118.655388,45.932793
1998,-118.670486,45.943893
1998,-118.605881,45.921852
1998,-118.694038,45.979393
1998,-118.674789,45.946293
1998,-118.652046,45.930115
1998,-118.607674,45.923531
1998,-118.660065,45.936172
1998,-118.659584,45.933994
1998,-118.650993,45.928135
1998,-118.685486,45.984093
1999,-96.541191,42.829891
1999,-101.363792,32.169796
1999,-101.361389,32.176193
1999,-101.432289,32.180496
1999,-101.370094,32.177494
1999,-101.410789,32.214394
1999,-101.414192,32.215294
1999,-101.421494,32.215195
1999,-101.362488,32.176697
1999,-101.420288,32.215096
1999,-101.443192,32.190094
1999,-101.364891,32.170494
1999,-101.437691,32.190193
1999,-101.440392,32.190395
1999,-101.358894,32.175896
1999,-101.433495,32.180695
1999,-101.434891,32.189693
1999,-101.441788,32.190296
1999,-101.362694,32.168896
1999,-101.444588,32.189995
1999,-101.409592,32.214195
1999,-101.437492,32.179695
1999,-101.438988,32.190395
1999,-101.40229,32.213894
1999,-101.361191,32.167194
1999,-101.36879,32.177696
1999,-101.363792,32.177296
1999,-101.36499,32.177696
1999,-101.431091,32.180393
1999,-101.417892,32.215397
1999,-101.408295,32.214195
1999,-101.41909,32.215195
1999,-101.358292,32.167995
1999,-101.438789,32.179996
1999,-101.367592,32.177696
1999,-101.366287,32.177994
1999,-101.360191,32.166794
1999,-101.41539,32.215595
1999,-101.411987,32.214794
1999,-101.436295,32.189995
1999,-101.406891,32.214497
1999,-101.413094,32.214996
1999,-101.416695,32.215595
1999,-101.360191,32.175797
1999,-101.397789,32.213795
1999,-101.404388,32.214096
1999,-101.399994,32.213795
1999,-88.439194,43.658092
1999,-116.702431,33.910366
1999,-116.714386,33.912094
1999,-116.702385,33.915096
1999,-116.706398,33.912674
1999,-116.710381,33.912636
1999,-116.702385,33.915695
1999,-116.718391,33.914894
1999,-116.714401,33.911457
1999,-116.70237,33.916851
1999,-116.718353,33.914276
1999,-116.710388,33.913795
1999,-116.714386,33.912594
1999,-116.710396,33.91325
1999,-116.710335,33.917351
1999,-116.714386,33.917294
1999,-116.710396,33.916172
1999,-116.70639,33.916794
1999,-116.710388,33.912094
1999,-116.714401,33.915558
1999,-116.702385,33.913296
1999,-116.714386,33.914394
1999,-116.70639,33.917397
1999,-116.706398,33.912071
1999,-116.702385,33.917397
1999,-116.706413,33.913261
1999,-116.714371,33.916134
1999,-116.702385,33.91621
1999,-116.702385,33.910995
1999,-116.7024,33.914494
1999,-116.706383,33.915058
1999,-116.717186,33.915695
1999,-116.710335,33.916775
1999,-116.718285,33.917294
1999,-116.702385,33.913895
1999,-116.702385,33.912697
1999,-116.718369,33.913147
1999,-116.70639,33.916195
1999,-116.710388,33.914394
1999,-116.714386,33.913197
1999,-116.714386,33.916695
1999,-116.714386,33.913795
1999,-116.718391,33.912594
1999,-116.718391,33.913696
1999,-116.714371,33.914967
1999,-116.718391,33.911995
1999,-116.710365,33.915005
1999,-116.71035,33.915585
1999,-116.702415,33.912121
1999,-116.702446,33.911583
1999,-116.706383,33.913853
1999,-116.70639,33.915596
1999,-116.70639,33.914494
1999,-118.311508,35.077255
1999,-118.301491,35.081696
1999,-118.313286,35.076496
1999,-118.313797,35.076138
1999,-118.328987,35.075497
1999,-118.305748,35.079826
1999,-118.307587,35.081696
1999,-118.307953,35.081192
1999,-118.304474,35.081287
1999,-118.312119,35.077023
1999,-118.305504,35.080326
1999,-118.304871,35.08083
1999,-118.31279,35.076897
1999,-118.30619,35.079296
1999,-118.308914,35.079559
1999,-118.308586,35.080093
1999,-118.308289,35.080662
1999,-118.314545,35.075974
1999,-93.433594,43.052994
1999,-93.462296,43.090412
1999,-93.473419,43.046127
1999,-93.465302,43.090275
1999,-93.431366,43.045826
1999,-93.453995,43.066593
1999,-93.435593,43.049492
1999,-93.435692,43.045891
1999,-93.467896,43.09259
1999,-93.453941,43.062855
1999,-93.43306,43.072536
1999,-93.472801,43.07568
1999,-93.467712,43.085411
1999,-93.453293,43.05389
1999,-93.458893,43.055393
1999,-93.470444,43.0788
1999,-93.42997,43.071198
1999,-93.431221,43.049454
1999,-93.47319,43.051392
1999,-93.427681,43.049248
1999,-93.425743,43.042198
1999,-93.421494,43.049393
1999,-93.470589,43.046177
1999,-93.46788,43.046127
1999,-93.460991,43.055393
1999,-93.425568,43.052727
1999,-93.470566,43.051361
1999,-93.476181,43.08672
1999,-93.472801,43.086651
1999,-93.463089,43.055393
1999,-93.473495,43.078892
1999,-93.428688,43.056087
1999,-93.472305,43.090408
1999,-93.469734,43.075634
1999,-93.433212,43.062603
1999,-93.465294,43.055393
1999,-93.426094,43.073391
1999,-93.467903,43.051315
1999,-93.432823,43.060131
1999,-93.429848,43.053204
1999,-93.454109,43.060116
1999,-93.467804,43.088554
1999,-93.46788,43.048222
1999,-93.467186,43.078823
1999,-93.428009,43.04208
1999,-93.424973,43.045795
1999,-93.427979,43.045795
1999,-93.436424,43.06031
1999,-93.476349,43.075703
1999,-93.42923,43.060101
1999,-93.476158,43.090054
1999,-93.434464,43.071106
1999,-93.476494,43.078918
1999,-93.467293,43.094494
1999,-116.559486,33.915997
1999,-116.559486,33.914394
1999,-116.595985,33.917294
1999,-116.595985,33.915295
1999,-116.550789,33.911297
1999,-116.595985,33.919994
1999,-106.184303,41.657875
1999,-106.186424,41.663746
1999,-106.183311,41.668274
1999,-106.18615,41.662903
1999,-106.181984,41.664749
1999,-106.18364,41.669163
1999,-106.181694,41.663895
1999,-106.187988,41.667992
1999,-106.185822,41.662102
1999,-106.180397,41.660389
1999,-106.181358,41.662991
1999,-106.182343,41.665611
1999,-106.183968,41.65704
1999,-106.183975,41.670055
1999,-106.189919,41.659985
1999,-106.190201,41.660831
1999,-106.187637,41.667095
1999,-106.184273,41.670784
1999,-106.179337,41.670605
1999,-106.184555,41.671608
1999,-106.184898,41.659573
1999,-106.185524,41.661209
1999,-106.186745,41.66457
1999,-106.187378,41.66626
1999,-106.189232,41.658218
1999,-106.184586,41.658733
1999,-106.180763,41.661266
1999,-106.181061,41.662128
1999,-106.182663,41.666519
1999,-106.185188,41.660393
1999,-106.18705,41.665432
1999,-106.182976,41.667416
1999,-106.189537,41.659096
1999,-106.196205,41.648567
1999,-106.203392,41.621994
1999,-106.202812,41.63731
1999,-106.203445,41.620525
1999,-106.20314,41.629311
1999,-106.199089,41.628906
1999,-106.196075,41.649273
1999,-106.208443,41.614578
1999,-106.208344,41.616779
1999,-106.19632,41.647823
1999,-106.189255,41.65538
1999,-106.189285,41.65321
1999,-106.202888,41.635159
1999,-106.208305,41.617519
1999,-106.202934,41.634426
1999,-106.198616,41.641113
1999,-106.199089,41.627449
1999,-106.208481,41.613861
1999,-106.208496,41.613129
1999,-106.199089,41.625961
1999,-106.18927,41.654633
1999,-106.203011,41.633694
1999,-106.20343,41.621273
1999,-106.20298,41.632954
1999,-106.208611,41.610935
1999,-106.196632,41.64566
1999,-106.203217,41.627132
1999,-106.203094,41.630028
1999,-106.202843,41.636589
1999,-106.199081,41.628185
1999,-106.202774,41.638752
1999,-106.203072,41.630756
1999,-106.199089,41.629589
1999,-106.208549,41.612396
1999,-106.199089,41.623795
1999,-106.20858,41.611687
1999,-106.203514,41.619068
1999,-106.198586,41.643284
1999,-106.199104,41.625271
1999,-106.196526,41.646366
1999,-106.198586,41.641811
1999,-106.208374,41.616077
1999,-106.198608,41.644047
1999,-106.202744,41.639523
1999,-106.199104,41.624546
1999,-106.203346,41.623459
1999,-106.202988,41.632195
1999,-106.208412,41.615341
1999,-106.202888,41.635887
1999,-106.189316,41.65173
1999,-106.203308,41.624939
1999,-106.203232,41.626389
1999,-106.203156,41.628574
1999,-106.203476,41.619804
1999,-106.203033,41.631489
1999,-106.203201,41.627853
1999,-106.189301,41.6539
1999,-106.203339,41.624207
1999,-106.203369,41.622742
1999,-106.198601,41.640396
1999,-106.203255,41.625671
1999,-106.199074,41.626713
1999,-106.202774,41.638058
1999,-106.196404,41.647095
1999,-106.189316,41.652447
1999,-106.198578,41.642548
1999,-106.195976,41.649994
1999,-106.18927,41.65749
1999,-106.189262,41.656796
1999,-106.18927,41.656105
1999,-93.653793,43.266293
1999,-116.595985,33.918694
1999,-116.550789,33.915997
1999,-116.595985,33.914696
1999,-116.595985,33.916695
1999,-116.595985,33.917995
1999,-116.559486,33.915195
1999,-116.550789,33.915295
1999,-116.595985,33.915997
1999,-116.595985,33.919395
1999,-116.550789,33.912697
1999,-116.559486,33.916695
1999,-116.550827,33.911961
1999,-116.550789,33.916695
1999,-116.550789,33.913994
1999,-162.557388,66.839165
1999,-162.557388,66.83989
1999,-162.557373,66.838501
1999,-162.557343,66.835724
1999,-162.557373,66.83783
1999,-96.120491,44.141991
1999,-96.090691,44.082893
1999,-96.076988,44.06879
1999,-96.091095,44.10659
1999,-96.15416,44.143604
1999,-96.115273,44.12888
1999,-96.16777,44.160824
1999,-96.165695,44.160793
1999,-96.11779,44.116791
1999,-96.156662,44.148048
1999,-96.131935,44.118324
1999,-96.108994,44.11779
1999,-96.139595,44.142891
1999,-96.088692,44.090893
1999,-96.111938,44.108604
1999,-96.130547,44.126381
1999,-96.100395,44.09959
1999,-96.15239,44.135193
1999,-96.085823,44.074436
1999,-96.083237,44.075733
1999,-96.110191,44.108093
1999,-96.182991,44.181091
1999,-96.123192,44.141991
1999,-96.126411,44.111324
1999,-96.145088,44.133091
1999,-96.130394,44.111191
1999,-96.150269,44.140549
1999,-96.142212,44.135548
1999,-96.186493,44.164593
1999,-96.148048,44.139435
1999,-96.095825,44.088882
1999,-96.159996,44.161938
1999,-96.187492,44.181103
1999,-96.113495,44.113194
1999,-96.166107,44.171383
1999,-96.175545,44.171383
1999,-96.110268,44.113327
1999,-96.07959,44.068592
1999,-96.115891,44.116791
1999,-96.112694,44.118992
1999,-96.07029,44.072292
1999,-96.140274,44.135548
1999,-96.10199,44.102192
1999,-96.09388,44.087769
1999,-96.174095,44.151093
1999,-96.088051,44.069435
1999,-96.113693,44.129292
1999,-96.138046,44.122494
1999,-96.168884,44.150269
1999,-96.172768,44.170269
1999,-96.161789,44.177391
1999,-96.159996,44.17638
1999,-96.14888,44.133049
1999,-96.179436,44.150826
1999,-96.108879,44.112492
1999,-96.133881,44.148327
1999,-96.155289,44.13739
1999,-96.15509,44.147491
1999,-96.092216,44.102215
1999,-96.166939,44.179993
1999,-96.146935,44.133049
1999,-96.179718,44.173325
1999,-96.093338,44.085552
1999,-96.157211,44.160824
1999,-96.181107,44.173882
1999,-96.0961,44.103325
1999,-96.153328,44.146935
1999,-96.090271,44.069435
1999,-96.101189,44.100891
1999,-96.161659,44.161381
1999,-96.12159,44.116791
1999,-96.153603,44.163048
1999,-96.158882,44.161102
1999,-96.092491,44.083603
1999,-96.168327,44.17638
1999,-96.168327,44.171658
1999,-96.163322,44.160824
1999,-96.187767,44.169991
1999,-96.191101,44.183327
1999,-96.176933,44.150826
1999,-96.128883,44.126381
1999,-96.185272,44.180824
1999,-96.155495,44.162891
1999,-96.138046,44.146381
1999,-96.150696,44.163994
1999,-96.126366,44.115719
1999,-96.134995,44.134159
1999,-96.130196,44.121792
1999,-96.068047,44.072491
1999,-96.088882,44.082214
1999,-96.125992,44.141193
1999,-96.159889,44.149792
1999,-96.131592,44.14809
1999,-96.145592,44.148491
1999,-96.16555,44.150269
1999,-96.116936,44.129436
1999,-96.170547,44.175827
1999,-96.161392,44.150993
1999,-96.169434,44.160824
1999,-96.107491,44.111591
1999,-96.11969,44.116791
1999,-96.132492,44.11499
1999,-96.168091,44.143192
1999,-96.136383,44.148602
1999,-96.087212,44.075272
1999,-96.138603,44.134991
1999,-96.192772,44.177494
1999,-96.178322,44.172771
1999,-96.193329,44.183327
1999,-96.166107,44.143883
1999,-96.130272,44.140549
1999,-96.128326,44.141102
1999,-96.12899,44.113892
1999,-96.19416,44.179993
1999,-96.099159,44.11055
1999,-96.140274,44.146381
1999,-96.176933,44.172215
1999,-96.191391,44.171494
1999,-96.1586,44.148602
1999,-96.101662,44.111103
1999,-96.149895,44.135193
1999,-96.148323,44.163048
1999,-96.163322,44.178326
1999,-96.152489,44.142494
1999,-96.136215,44.150887
1999,-96.106102,44.11055
1999,-96.135826,44.121937
1999,-96.132217,44.12138
1999,-96.088882,44.107216
1999,-96.188881,44.164715
1999,-96.16555,44.178604
1999,-96.189438,44.170826
1999,-96.136658,44.134438
1999,-96.0811,44.076935
1999,-96.134163,44.121105
1999,-96.172211,44.17638
1999,-96.193047,44.172215
1999,-96.072594,44.071991
1999,-96.110825,44.11805
1999,-96.135994,44.118191
1999,-96.114594,44.115993
1999,-96.132767,44.139992
1999,-96.174194,44.170692
1999,-96.448288,44.385391
1999,-96.433495,44.391991
1999,-96.450592,44.375191
1999,-96.430794,44.389492
1999,-96.429192,44.38739
1999,-96.442192,44.384792
1999,-96.449593,44.388393
1999,-96.44899,44.382591
1999,-96.448189,44.378391
1999,-96.417191,44.375393
1999,-96.442688,44.387291
1999,-96.427895,44.392693
1999,-96.431595,44.392693
1999,-96.420288,44.375992
1999,-96.413689,44.373993
1999,-103.056976,34.360142
1999,-106.243172,41.835594
1999,-106.242531,41.834377
1999,-106.243797,41.836849
1999,-106.241867,41.833138
1999,-106.241226,41.831905
1999,-96.734795,46.895092
1999,-118.34819,35.029396
1999,-118.347588,35.029594
1999,-118.379738,35.03442
1999,-118.347984,35.033997
1999,-118.353584,35.026497
1999,-118.372086,35.038696
1999,-118.347092,35.029896
1999,-118.347404,35.034237
1999,-118.371391,35.039597
1999,-118.346886,35.034496
1999,-118.370087,35.040817
1999,-118.350784,35.028496
1999,-118.353485,35.038296
1999,-118.349686,35.028996
1999,-118.353889,35.037895
1999,-118.350189,35.028694
1999,-118.379448,35.034897
1999,-118.370987,35.039993
1999,-118.34639,35.034794
1999,-118.379082,35.035324
1999,-118.378563,35.036404
1999,-118.354187,35.035793
1999,-118.354385,35.037495
1999,-118.369675,35.041218
1999,-118.355209,35.026936
1999,-118.370552,35.040379
1999,-118.378777,35.035812
1999,-118.378296,35.036873
1999,-118.371773,35.039196
1999,-118.35704,35.027447
1999,-118.349098,35.029205
1999,-118.376457,35.038113
1999,-118.378029,35.037373
1999,-118.36689,35.042095
1999,-118.366486,35.042625
1999,-104.811028,40.998688
1999,-104.819489,40.994392
1999,-104.827293,40.994595
1999,-104.82869,40.988594
1999,-104.825989,40.995392
1999,-104.823387,40.996895
1999,-104.82209,40.997692
1999,-104.835289,40.989895
1999,-104.829987,40.987793
1999,-104.820686,40.998493
1999,-104.824692,40.996094
1999,-104.815292,40.996494
1999,-104.836693,40.989094
1999,-104.832687,40.991493
1999,-104.823288,40.991795
1999,-104.812393,40.997993
1999,-104.827293,40.989391
1999,-104.820686,40.993393
1999,-104.816689,40.995792
1999,-104.831291,40.986992
1999,-104.82859,40.993793
1999,-104.813789,40.997192
1999,-104.829987,40.992992
1999,-104.824692,40.990993
1999,-104.831291,40.992191
1999,-104.821991,40.992592
1999,-104.833992,40.990692
1999,-104.818092,40.995094
1999,-104.825989,40.990192
1999,-87.635086,44.673321
1999,-87.647224,44.643341
1999,-87.628693,44.671192
1999,-87.656174,44.642448
1999,-87.649895,44.642094
1999,-87.638031,44.672684
1999,-87.657166,44.645672
1999,-87.643196,44.63649
1999,-87.655807,44.644131
1999,-87.645798,44.637894
1999,-87.65847,44.641022
1999,-87.629997,44.669292
1999,-87.630363,44.665543
1999,-87.630363,44.664154
1999,-87.627266,44.669689
1999,-87.627693,44.667393
1999,-87.647392,44.64529
1999,-87.478798,40.674393
1999,-118.551636,32.985569
1999,-116.588638,33.896305
1999,-116.588486,33.896896
1999,-116.584091,33.896095
1999,-116.58429,33.895496
1999,-116.55619,33.897694
1999,-116.569496,33.905632
1999,-116.573486,33.904495
1999,-116.573486,33.903095
1999,-116.55619,33.898796
1999,-116.57959,33.896194
1999,-116.565392,33.904095
1999,-116.574913,33.897209
1999,-116.556221,33.896114
1999,-116.588791,33.895794
1999,-116.579826,33.895237
1999,-116.58889,33.895195
1999,-116.589516,33.893044
1999,-116.55619,33.900394
1999,-116.569489,33.904995
1999,-116.565285,33.903294
1999,-116.55619,33.893993
1999,-116.55619,33.895096
1999,-116.55619,33.893494
1999,-116.55619,33.895596
1999,-116.589088,33.894695
1999,-116.560081,33.899418
1999,-116.560089,33.900394
1999,-116.55629,33.899395
1999,-116.579689,33.895695
1999,-116.57534,33.895683
1999,-116.556175,33.897156
1999,-116.569389,33.903095
1999,-116.584587,33.894295
1999,-116.560081,33.899933
1999,-116.55619,33.898193
1999,-116.573486,33.905193
1999,-116.55619,33.894596
1999,-116.575188,33.896194
1999,-116.589691,33.892494
1999,-116.589203,33.894096
1999,-116.589386,33.893597
1999,-116.55629,33.899895
1999,-116.575485,33.895195
1999,-116.584488,33.894894
1999,-116.565392,33.904797
1999,-116.573433,33.903809
1999,-116.560089,33.900993
1999,-116.583984,33.896694
1999,-116.573486,33.90646
1999,-116.575897,33.893635
1999,-116.579948,33.894707
1999,-116.579407,33.89661
1999,-116.573502,33.905857
1999,-116.569389,33.903694
1999,-116.575584,33.894695
1999,-116.579285,33.897095
1999,-116.589813,33.891918
1999,-116.556206,33.896626
1999,-116.57505,33.896713
1999,-116.569427,33.904209
1999,-116.583786,33.897297
1999,-116.575752,33.894157
1999,-96.426888,44.38969
1999,-96.43219,44.394894
1999,-96.435593,44.3969
1999,-96.419495,44.391991
1999,-96.438988,44.396091
1999,-96.436188,44.401993
1999,-96.429688,44.405193
1999,-96.428093,44.394955
1999,-96.432594,44.40369
1999,-96.44059,44.402493
1999,-96.428528,44.396828
1999,-96.432335,44.396969
1999,-96.418289,44.389591
1999,-96.441788,44.400391
1999,-96.43779,44.404293
1999,-96.429588,44.402393
1999,-96.442589,44.404892
1999,-96.428391,44.399593
1999,-102.119293,31.097795
1999,-102.136192,31.092995
1999,-102.071091,31.075195
1999,-102.072495,31.074696
1999,-102.077492,31.057995
1999,-102.068993,31.075794
1999,-102.126389,31.062296
1999,-102.113091,31.079796
1999,-102.079689,31.072695
1999,-102.132294,31.054794
1999,-102.126892,31.060896
1999,-102.08139,31.071594
1999,-102.120293,31.071495
1999,-102.12249,31.071196
1999,-102.063194,31.077194
1999,-102.121788,31.071396
1999,-102.07869,31.057196
1999,-102.11779,31.099094
1999,-102.066788,31.076296
1999,-102.06749,31.076195
1999,-102.127892,31.095295
1999,-102.094391,31.066395
1999,-102.092094,31.076796
1999,-102.133095,31.054094
1999,-102.061691,31.077496
1999,-102.123688,31.070395
1999,-102.129089,31.057695
1999,-102.136993,31.092594
1999,-102.074287,31.058195
1999,-102.11499,31.078896
1999,-102.108391,31.083494
1999,-102.065392,31.076694
1999,-102.126389,31.095594
1999,-102.078293,31.057795
1999,-102.060989,31.077696
1999,-102.068291,31.075994
1999,-102.135689,31.094194
1999,-102.057388,31.078495
1999,-102.118492,31.079494
1999,-102.119789,31.097296
1999,-102.118294,31.098595
1999,-102.093094,31.075695
1999,-102.080391,31.072495
1999,-102.060287,31.077795
1999,-102.078888,31.056395
1999,-102.113693,31.078896
1999,-102.123093,31.070795
1999,-102.129189,31.094894
1999,-102.107788,31.084595
1999,-102.120491,31.076796
1999,-102.135689,31.094894
1999,-102.11879,31.098194
1999,-102.074692,31.074295
1999,-102.096092,31.065096
1999,-102.130692,31.094496
1999,-102.073189,31.074495
1999,-102.080894,31.072096
1999,-102.097137,31.064613
1999,-102.132492,31.095295
1999,-102.125893,31.066095
1999,-102.066093,31.076494
1999,-102.092995,31.073996
1999,-102.090988,31.077795
1999,-102.089989,31.078995
1999,-102.055893,31.078896
1999,-102.081993,31.071196
1999,-102.12429,31.069996
1999,-102.120995,31.071495
1999,-102.135994,31.093596
1999,-102.071793,31.074995
1999,-102.056694,31.078695
1999,-102.095383,31.065243
1999,-102.062492,31.077295
1999,-102.118988,31.078794
1999,-102.097916,31.064043
1999,-102.074791,31.057695
1999,-102.117294,31.099495
1999,-102.058792,31.078196
1999,-102.063889,31.076996
1999,-102.119987,31.077496
1999,-102.05809,31.078396
1999,-102.09259,31.076195
1999,-102.127892,31.059395
1999,-102.124893,31.069695
1999,-102.134193,31.053896
1999,-102.137894,31.092594
1999,-102.059593,31.077995
1999,-102.070389,31.075396
1999,-102.125488,31.069296
1999,-102.069695,31.075596
1999,-102.082687,31.070894
1999,-102.12989,31.094694
1999,-102.093193,31.067295
1999,-102.108093,31.084095
1999,-102.07399,31.074394
1999,-102.119492,31.078196
1999,-102.091591,31.077394
1999,-102.12709,31.095394
1999,-102.131493,31.055494
1999,-102.073891,31.058796
1999,-102.094566,31.065527
1999,-102.129791,31.056395
1999,-102.090492,31.078396
1999,-102.130394,31.055296
1999,-102.055191,31.078995
1999,-102.06459,31.076796
1999,-170.235947,57.157486
1999,-95.278595,42.643291
1999,-95.341057,42.755783
1999,-95.376625,42.685139
1999,-95.346527,42.757019
1999,-95.301552,42.770844
1999,-95.381294,42.685791
1999,-95.297531,42.770248
1999,-95.351479,42.654343
1999,-95.303055,42.716831
1999,-95.29734,42.705933
1999,-95.316689,42.737034
1999,-95.350166,42.637299
1999,-95.32547,42.752762
1999,-95.335991,42.772793
1999,-95.303955,42.706718
1999,-95.312523,42.724731
1999,-95.296989,42.745502
1999,-95.321281,42.709572
1999,-95.39212,42.696827
1999,-95.303337,42.737698
1999,-95.343765,42.756233
1999,-95.315094,42.744862
1999,-95.312668,42.721092
1999,-95.303505,42.745529
1999,-95.27359,42.709393
1999,-95.338196,42.773193
1999,-95.326775,42.766705
1999,-95.323692,42.714394
1999,-95.323425,42.752739
1999,-95.321426,42.752808
1999,-95.301193,42.737694
1999,-95.324799,42.766632
1999,-95.272789,42.643291
1999,-95.33239,42.764778
1999,-95.310501,42.728848
1999,-95.307838,42.770798
1999,-95.362778,42.643158
1999,-95.3125,42.732819
1999,-95.403839,42.696709
1999,-95.311882,42.703388
1999,-95.276749,42.643311
1999,-95.307693,42.737694
1999,-95.306862,42.705338
1999,-95.338249,42.764801
1999,-95.401489,42.696411
1999,-95.39679,42.696411
1999,-95.288277,42.634541
1999,-95.282089,42.634392
1999,-95.310669,42.699295
1999,-95.312119,42.767536
1999,-95.27549,42.709492
1999,-95.274796,42.64328
1999,-95.296249,42.698032
1999,-95.29837,42.698059
1999,-95.29187,42.744907
1999,-95.319214,42.709572
1999,-95.353859,42.653629
1999,-95.285393,42.643391
1999,-95.296631,42.63921
1999,-95.323303,42.709572
1999,-95.312622,42.736984
1999,-95.292496,42.63924
1999,-95.314262,42.767586
1999,-95.31707,42.744862
1999,-95.34079,42.773594
1999,-95.293228,42.70591
1999,-95.303604,42.770844
1999,-95.336845,42.755711
1999,-95.287323,42.643402
1999,-95.314644,42.737007
1999,-95.356621,42.643127
1999,-95.27739,42.709492
1999,-95.30558,42.745529
1999,-95.294792,42.716793
1999,-95.312904,42.744839
1999,-95.319214,42.730679
1999,-95.421089,42.68679
1999,-95.316643,42.732819
1999,-95.380508,42.654076
1999,-95.399109,42.696411
1999,-95.336319,42.764824
1999,-95.352669,42.637833
1999,-95.318428,42.761471
1999,-95.3106,42.736984
1999,-95.294914,42.745457
1999,-95.423889,42.688892
1999,-95.284172,42.634418
1999,-95.283356,42.643383
1999,-95.316292,42.767593
1999,-95.414192,42.685791
1999,-95.304527,42.698009
1999,-95.305649,42.770775
1999,-95.29689,42.716793
1999,-95.313736,42.703411
1999,-95.364769,42.643127
1999,-95.307175,42.716831
1999,-95.294579,42.63924
1999,-95.318375,42.767586
1999,-95.376015,42.653568
1999,-95.302437,42.698032
1999,-95.384727,42.655087
1999,-95.315025,42.724136
1999,-95.38253,42.654816
1999,-95.280891,42.643394
1999,-95.366791,42.643192
1999,-95.310837,42.744789
1999,-95.319328,42.752785
1999,-95.299797,42.706696
1999,-95.32579,42.714394
1999,-95.314476,42.732819
1999,-95.307602,42.74548
1999,-95.310501,42.724777
1999,-95.378822,42.684902
1999,-95.300957,42.716782
1999,-95.325371,42.709621
1999,-95.338959,42.755733
1999,-95.334297,42.764847
1999,-95.29525,42.705956
1999,-95.305481,42.737652
1999,-95.298935,42.716808
1999,-95.327591,42.752792
1999,-95.334824,42.75576
1999,-95.31279,42.728893
1999,-95.312714,42.699272
1999,-95.300392,42.698009
1999,-95.30648,42.698059
1999,-95.321831,42.730705
1999,-95.316116,42.760876
1999,-95.333595,42.772793
1999,-95.310646,42.721066
1999,-95.324371,42.730679
1999,-95.29908,42.745552
1999,-95.355965,42.653687
1999,-95.355194,42.638103
1999,-95.301743,42.706718
1999,-95.286278,42.63448
1999,-95.378334,42.653301
1999,-95.305099,42.716808
1999,-95.322662,42.767227
1999,-95.360756,42.643101
1999,-95.394348,42.696411
1999,-95.279289,42.709492
1999,-95.358643,42.64307
1999,-95.27169,42.709393
1999,-95.320518,42.76725
1999,-95.357925,42.653988
1999,-95.369705,42.843227
1999,-95.358688,42.872494
1999,-95.382698,42.866592
1999,-95.372513,42.866306
1999,-95.373657,42.843323
1999,-95.41069,42.852791
1999,-95.360695,42.879093
1999,-95.362793,42.872391
1999,-95.391991,42.848793
1999,-95.311264,42.796928
1999,-95.375847,42.843227
1999,-95.327393,42.824593
1999,-95.371796,42.843273
1999,-95.312813,42.824738
1999,-95.327507,42.842079
1999,-95.317039,42.808052
1999,-95.330032,42.842438
1999,-95.321144,42.817986
1999,-95.321854,42.834873
1999,-95.366882,42.872375
1999,-95.319191,42.818092
1999,-95.396118,42.848793
1999,-95.317291,42.803692
1999,-95.314789,42.80809
1999,-95.338837,42.839195
1999,-95.31115,42.811386
1999,-95.326553,42.834732
1999,-95.324265,42.834675
1999,-95.374603,42.866306
1999,-95.393784,42.84037
1999,-95.317093,42.824791
1999,-95.376556,42.866261
1999,-95.318466,42.796928
1999,-95.393356,42.859741
1999,-95.315369,42.811386
1999,-95.344688,42.832394
1999,-95.318581,42.840473
1999,-95.32489,42.845093
1999,-95.34359,42.83979
1999,-95.362778,42.879009
1999,-95.360878,42.851925
1999,-95.319595,42.834465
1999,-95.310699,42.83976
1999,-95.316093,42.79689
1999,-95.369438,42.872345
1999,-95.321289,42.824593
1999,-95.402443,42.857742
1999,-95.372795,42.876892
1999,-95.418793,42.686291
1999,-95.316559,42.840473
1999,-95.366989,42.851891
1999,-95.315102,42.824711
1999,-95.342644,42.832352
1999,-95.325394,42.824562
1999,-95.377846,42.843227
1999,-95.314491,42.840393
1999,-95.310966,42.803761
1999,-95.371758,42.872345
1999,-95.39402,42.848698
1999,-95.384697,42.866592
1999,-95.323296,42.818092
1999,-95.39579,42.840393
1999,-95.395737,42.860218
1999,-95.341278,42.839642
1999,-95.364883,42.872375
1999,-95.35009,42.83979
1999,-95.416595,42.685791
1999,-95.315178,42.803688
1999,-95.314293,42.819691
1999,-95.386795,42.866592
1999,-95.35186,42.841656
1999,-95.36499,42.851891
1999,-95.404793,42.856693
1999,-95.353989,42.841694
1999,-95.391693,42.84037
1999,-95.398308,42.859501
1999,-95.31311,42.803688
1999,-95.364708,42.879066
1999,-95.360779,42.872375
1999,-95.319359,42.808052
1999,-95.382889,42.85603
1999,-95.411896,42.685993
1999,-95.356049,42.84161
1999,-95.380554,42.856075
1999,-95.358238,42.841702
1999,-95.310463,42.824711
1999,-95.322388,42.846184
1999,-95.319176,42.824589
1999,-95.380699,42.866592
1999,-95.398018,42.848793
1999,-95.31662,42.819592
1999,-95.413895,42.852291
1999,-95.313705,42.79681
1999,-95.319687,42.8466
1999,-95.313347,42.811386
1999,-95.312782,42.83979
1999,-95.325813,42.841099
1999,-95.323257,42.824589
1999,-95.340492,42.832394
1999,-95.324203,42.840801
1999,-95.378845,42.866688
1999,-95.336548,42.840473
1999,-95.400391,42.858791
1999,-95.334259,42.840652
1999,-95.366791,42.87899
1999,-95.378464,42.856075
1999,-95.34687,42.832294
1999,-95.332237,42.841038
1999,-95.264893,42.687691
1999,-95.262627,42.687683
1999,-96.076126,43.980259
1999,-96.075058,43.987492
1999,-96.080788,43.988968
1999,-96.076698,43.982426
1999,-96.080437,43.980377
1999,-96.075081,43.991112
1999,-96.078102,43.980141
1999,-96.077225,43.988991
1999,-96.075127,43.98402
1999,-96.078789,43.98621
1999,-96.078438,43.984756
1999,-96.078629,43.989658
1999,-96.075012,43.988922
1999,-96.076035,43.986233
1999,-96.078171,43.991299
1999,-96.082291,43.990063
1999,-96.080864,43.983829
1999,-96.756493,40.952492
